Date,High,Low,Open,Close,Volume,Adj Close,Moving Average (5 days),Moving Average (10 Days),Moving Average (15 Days),Moving Average (20 Days),SD (5 days),SD (10 days)
2/1/2020,60.11999893,59.59999847,59.59999847,60.04000092,8432600,58.48439789,,,,,,
3/1/2020,58.97999954,58.04000092,58.97000122,58.06000137,10546400,56.55569839,,,,,,
6/1/2020,57.68999863,57.13000107,57.59999847,57.38999939,8897200,55.9030571,,,,,,
7/1/2020,58.59999847,56.74000168,57.45000076,58.31999969,7444300,56.80896378,,,,,,
8/1/2020,58.97999954,58.11000061,58.18999863,58.75,5381500,57.22781754,58.51200027,,,,0.986342111,
9/1/2020,59.70999908,58.70000076,59.68999863,59.22999954,5112700,57.69538498,58.35,,,,0.696598806,
10/1/2020,59.70000076,58.77000046,59.70000076,58.86000061,4807700,57.33497238,58.50999985,,,,0.705159778,
13/1/2020,60.15999985,59.45000076,60.15000153,60.06000137,6613700,58.50387955,59.04400024,,,,0.654087692,
14/1/2020,60.63999939,59.91999817,60.15999985,60.31999969,6715200,58.75714111,59.44400024,,,,0.709809946,
15/1/2020,59.70000076,58.25999832,59.66999817,58.38999939,10075100,56.87714767,59.37200012,58.9420002,,,0.809117114,0.963740652
16/1/2020,59.68999863,58.29999924,59.20000076,58.75,11215700,57.22781754,59.27600021,58.81300011,,,0.857222563,0.883428464
17/1/2020,58.75,58.00999832,58.63999939,58.58000183,8125700,57.06222534,59.22000046,58.86500015,,,0.89930533,0.848806595
21/1/2020,59,57.47000122,57.99000168,58.24000168,9873700,56.73103333,58.85600052,58.95000038,,,0.840731318,0.717015355
22/1/2020,58.93999863,58.31999969,58.90000153,58.34999847,8124500,56.83818436,58.46200027,58.95300026,,,0.202410546,0.714143668
23/1/2020,58.06999969,56.61999893,57.86000061,57.47999954,9999200,55.99072647,58.28000031,58.82600021,58.72133357,,0.489234474,0.853570442
24/1/2020,58.13999939,57.45999908,58.09000015,57.72999954,10402200,56.23424911,58.07600021,58.67600021,58.56733348,,0.455774731,0.904939808
27/1/2020,55.99000168,55.06000137,55.61999893,55.25999832,9675500,53.82824326,57.41199951,58.31599998,58.38066661,,1.255217789,1.402753469
28/1/2020,57.11999893,55.47999954,55.72999954,57.09000015,8124400,55.6108284,57.18199921,58.01899986,58.36066666,,1.167891485,1.303367419
29/1/2020,57.52000046,56.84999847,57.52000046,57.18999863,7693400,55.70823669,56.94999924,57.70599976,58.28533325,,0.97757402,1.038259859
30/1/2020,56.04000092,55.06000137,55.08000183,55.79999924,10295700,54.35425186,56.61399918,57.44699974,58.08866653,58.19449997,1.036788711,1.164093554
31/1/2020,55.47999954,53.59999847,55.43000031,53.93999863,13467200,52.54244614,55.85599899,56.9659996,57.73599981,57.88949986,1.353857827,1.508629254
3/2/2020,54.93999863,54.13999939,54.34999847,54.77000046,9596000,53.3509407,55.75799942,56.58499947,57.46333313,57.72499981,1.42371701,1.536571148
4/2/2020,57.63999939,56.90000153,56.91999817,57.52000046,12746600,56.02968979,55.84399948,56.51299934,57.29399974,57.73149986,1.533078777,1.465636471
5/2/2020,58.15000153,57.16999817,58.09999847,57.91999817,6594400,56.41932678,55.98999939,56.46999931,57.13399963,57.71149979,1.717032261,1.411043832
6/2/2020,58.27999878,57.27999878,58.27000046,58.02000046,4236300,56.51673126,56.43399963,56.5239994,57.10933304,57.67499981,1.929502678,1.463354034
7/2/2020,57.13999939,56.06000137,57.13999939,56.20000076,6808400,54.74389267,56.88600006,56.37099953,56.93933309,57.52349987,1.387904432,1.401946837
10/2/2020,57.04999924,56.34000015,56.43999863,57.02000046,4281200,55.5426445,57.33600006,56.54699974,56.835333,57.43149986,0.747180807,1.3567204
11/2/2020,58.90000153,57.81000137,57.95000076,58.65999985,6523200,57.14015198,57.56399994,56.70399971,56.86333288,57.36149979,0.96077003,1.508849536
12/2/2020,59.75,58.90000153,59.25,59.63000107,5962900,58.08501816,57.90600052,56.94799995,56.94866638,57.32699986,1.346209507,1.77073651
13/2/2020,59.70000076,58.74000168,59.13000107,59.33000183,6460100,57.79279709,58.16800079,57.30100021,57.07199987,57.37399998,1.493375637,1.865758873
14/2/2020,59.16999817,57.86999893,59.02000046,58.18999863,6932400,56.68233109,58.56600037,57.72600021,57.10266647,57.34599991,1.031518863,1.453625432
18/2/2020,56.56000137,55.63000107,56.09999847,56.18000031,10989000,54.72441101,58.39800034,57.8670002,57.16399994,57.22599983,1.36178974,1.177125183
19/2/2020,57.93999863,57,57.25,57.63999939,7866300,56.14658356,58.19400024,57.87900009,57.20066655,57.19599972,1.388859846,1.173801699
20/2/2020,57.04000092,55.81000137,56.93999863,56.47999954,7192900,55.01663208,57.56399994,57.73500023,57.15333328,57.10249977,1.28519695,1.253814444
21/2/2020,56.65000153,55.52000046,56.65000153,55.59000015,6816600,54.14969254,56.8159996,57.4920002,57.13933334,57.0079998,1.070900878,1.417265206
24/2/2020,54.68999863,53.18000031,53.54999924,54.11999893,9968800,52.71778488,56.00199966,57.28400002,57.15133336,56.82749977,1.289852857,1.743121569
25/2/2020,55.47000122,53.83000183,55.33000183,53.86000061,12670700,52.46452332,55.53799973,56.96800003,57.09066671,56.75749989,1.591766124,2.054852562
26/2/2020,55.40999985,54.38000107,54.49000168,55.02999878,10969300,53.60420227,55.0159996,56.60499992,56.9246666,56.65449982,1.073792264,2.043337851
27/2/2020,54.59999847,53.27000046,54.20000076,53.29000092,11878900,51.9092865,54.37799988,55.97099991,56.61600011,56.45949993,0.923671574,1.983153843
28/2/2020,54.04999924,51,51.34999847,53.84000015,13607700,52.44504166,54.02799988,55.42199974,56.33733342,56.36149998,0.636528818,1.687876598
2/3/2020,56.00999832,53.83000183,54.36999893,55.97999954,13797700,54.52959061,54.4,55.20099983,56.32266668,56.46350002,1.087496454,1.406393458
3/3/2020,56.36999893,54.04000092,56.29999924,54.88000107,14661800,53.45809174,54.60400009,55.07099991,56.18000005,56.46900005,1.056091337,1.365327861
4/3/2020,57.09000015,55.54999924,55.97000122,57.08000183,9878200,55.60109329,55.0140007,55.01500015,56.07466685,56.44700012,1.546764597,1.255302185
5/3/2020,56.38999939,55.25,56.11000061,55.72999954,10004200,54.28606796,55.50200043,54.94000015,55.81466675,56.33750019,1.216519965,1.178077676
6/3/2020,55.08000183,53.97000122,54.59999847,55.06999969,12971200,53.64316559,55.74800034,54.88800011,55.53066661,56.19000015,0.871992437,1.157495521
9/3/2020,54.13999939,51.06000137,51.54999924,51.83000183,13781100,50.48711395,54.91800079,54.6590004,55.10666682,55.97150021,1.929629219,1.501676171
10/3/2020,54.61999893,52.49000168,53.70999908,54.50999832,11698700,53.09767532,54.84400024,54.72400017,54.99533335,55.8460001,1.93852504,1.477115551
11/3/2020,53.56000137,52.09000015,53.11000061,52.24000168,14498000,50.88649368,53.87600021,54.44500046,54.63533351,55.52500019,1.741228192,1.664499862
12/3/2020,50.99000168,48.50999832,49.65999985,48.68999863,15942200,47.4284668,52.46800003,53.98500023,54.11600011,54.97800007,2.533400819,2.463174513
13/3/2020,52.45999908,49.29000092,51.90000153,52.22999954,14948700,50.87674713,51.9,53.82400017,53.89200007,54.62299995,2.082402497,2.525532954
16/3/2020,48.34999847,44.90000153,46.34000015,44.90000153,16628200,43.73666763,50.51399994,52.71600037,53.27733358,53.9585001,3.766155158,3.65327301
17/3/2020,48.56000137,45.02999878,45.75,48.54000092,13415700,47.28235626,49.32000046,52.08200035,52.92266693,53.57650013,3.063339434,3.783797995
18/3/2020,46.09000015,43.25999832,43.79999924,44.36999893,15018500,43.22039413,47.74599991,50.81100006,52.21200027,52.91300011,3.206435454,4.044127087
19/3/2020,45.18000031,42.70000076,43.74000168,43.88999939,11182600,43.15844345,46.78600006,49.62700005,51.58533351,52.2835001,3.552974851,4.175055677
20/3/2020,48.27999878,44.47999954,48.02000046,44.52999878,14157700,43.78778076,45.24599991,48.57299995,50.96466675,51.73050003,1.87676119,3.973856564
23/3/2020,45.61000061,43.52000046,45.11999893,45.25999832,10508600,44.50561142,45.31799927,47.9159996,50.25,51.2875,1.867049262,3.918265601
24/3/2020,48.91999817,47.5,48,48.86999893,12216200,48.05544281,45.38399887,47.35199966,49.84933319,51.03799992,2.00979595,3.204572848
25/3/2020,50.04999924,48.04999924,49.29999924,49,9796600,48.18327713,46.30999908,47.0279995,49.3106664,50.73649998,2.445250772,2.792791605
26/3/2020,50.45999908,48.91999817,49.09999847,49.86999893,10577500,49.03877258,47.50599899,47.14599953,48.91999969,50.56549988,2.428071603,2.893914
27/3/2020,48.09000015,46.50999832,47.22999954,46.90999985,12158500,46.12811279,47.98199921,46.61399956,48.3759997,50.21899986,1.867343269,2.279157841
30/3/2020,48.15999985,46.77000046,47.18000031,47.81999969,8428300,47.0229454,48.49399948,46.90599937,48.10866623,49.81099987,1.146093054,2.221487298
31/3/2020,49.02999878,47.65999985,47.79999924,47.79000092,9595700,46.99344635,48.27799988,46.83099937,47.6606664,49.45649986,1.159210551,2.172308041
1/4/2020,47.56000137,46.29999924,46.83000183,46.50999832,8755200,45.73477936,47.77999954,47.04499931,47.27866618,48.92799969,1.298036985,2.001634298
2/4/2020,48.22000122,46.61000061,46.91999817,48.13000107,6174700,47.32777786,47.43199997,47.46899948,47.24133301,48.54799976,0.687110829,1.68273262
3/4/2020,48.15000153,46.77999878,47.79000092,47.06000137,5486200,46.27561188,47.46200027,47.72199974,46.89666646,48.14749985,0.661415887,1.348816957
6/4/2020,50.09999847,48.50999832,48.63000107,49.97000122,7370300,49.13711166,47.89200058,48.19300003,47.23466644,48.05449982,1.321673915,1.20864532
7/4/2020,51.31999969,49.65999985,51.29000092,49.72000122,6568700,48.89127731,48.27800064,48.27800026,47.31333313,47.81499996,1.547052837,1.288779195
8/4/2020,50.59999847,49.54000092,50.20999908,50.27000046,6325900,49.43210602,49.03000107,48.40500031,47.70666656,47.7164999,1.377334181,1.423378507
9/4/2020,50.65999985,47.72000122,50.27999878,48.33000183,12279600,47.52444458,49.07000122,48.2510006,48.00266673,47.69850006,1.347237605,1.327332415
13/4/2020,49.09000015,47.95999908,48.74000168,48.75,9873200,47.93744278,49.40800095,48.43500061,48.28400014,47.52450008,0.829348988,1.245813407
14/4/2020,51.27000046,49.95000076,50,50.63000107,11068800,49.78610992,49.54000092,48.71600075,48.64200033,47.81100006,0.979999873,1.399152502
15/4/2020,49.97000122,49.04000092,49.75999832,49.65999985,9398100,48.83227539,49.52800064,48.90300064,48.69466705,47.86700001,0.977609151,1.386547212
16/4/2020,53.13999939,51.68000031,51.81000137,52.40000153,18615900,51.52660751,49.95400085,49.49200096,48.92133382,48.26850014,1.628904774,1.503180326
17/4/2020,54.18999863,53,54.13000107,53.68999863,11288500,52.79510498,51.02600021,50.04800072,49.17600047,48.7585001,2.011698067,1.915223899
20/4/2020,53.81999969,52.56000137,53,52.59000015,9901700,51.71343994,51.79400024,50.6010006,49.55466715,49.16150017,1.620533481,1.747642083
21/4/2020,51.81000137,50.52000046,51.59999847,51.36999893,13102500,50.51377106,51.94199982,50.74100037,49.79133377,49.4670002,1.518212659,1.747553036
22/4/2020,53.11000061,52.40999985,52.47999954,52.95000076,8256000,52.06744003,52.6,51.06400032,50.13533376,49.67100029,0.846108674,1.834224884
23/4/2020,53.13000107,52.25999832,52.81000137,52.63999939,7619900,51.76260376,52.64799957,51.30100021,50.5440005,49.85300026,0.838701425,1.872938158
24/4/2020,52.88999939,52,52.59999847,52.72999954,5701800,51.85110474,52.45599976,51.74099998,50.85066706,49.99600029,0.622559764,1.593399086
27/4/2020,53.75,52.97000122,53.15000153,53.50999832,5812300,52.61810303,52.63999939,52.21699982,51.28066686,50.32600021,0.786447739,1.280963249
28/4/2020,53.72999954,52.68000031,53.50999832,52.75999832,8561100,51.88060379,52.91799927,52.42999954,51.46666667,50.57300014,0.349670954,1.159041517
29/4/2020,54.68999863,53.43000031,53.75,54.47999954,8565500,53.57193756,53.22399902,52.91199951,51.78399989,50.90750008,0.784174823,0.836444666
30/4/2020,54.40999985,52.95999908,54.20000076,53.13000107,6337900,52.24444199,53.32199936,52.98499947,51.9746666,51.23850021,0.721020167,0.818457216
1/5/2020,52.56000137,51.09000015,52.47999954,51.09999847,10238700,50.24827194,52.99599915,52.72599945,52.15933304,51.38700008,1.238438915,0.966910588
4/5/2020,52.18000031,51.27999878,51.79000092,52.15000153,7514000,51.28077316,52.72399979,52.68199959,52.38599981,51.64150009,1.246647739,0.983653207
5/5/2020,52.58000183,51.58000183,52.20999908,51.70999908,7780700,50.84810638,52.51399994,52.7159996,52.45799967,51.72849998,1.325040018,0.938085636
6/5/2020,52.61999893,52,52.11000061,52.13000107,8206700,51.26110458,52.04400024,52.63399963,52.62266642,51.84899998,0.74174226,0.951106942
7/5/2020,52.97999954,52.09999847,52.95000076,52.33000183,5493400,51.45777512,51.8840004,52.60299988,52.61799978,51.95200005,0.493742261,0.955929364
8/5/2020,53.34000015,52.47000122,52.61999893,52.90999985,6087900,52.02810287,52.24600067,52.62099991,52.56599986,52.18099995,0.435293161,0.960271293
11/5/2020,52.83000183,52.38000107,52.61000061,52.40000153,6459300,51.52660751,52.29600067,52.51000023,52.55333328,52.36350002,0.435867231,0.908869959
12/5/2020,52.63999939,51.08000183,52.63999939,51.09999847,8584500,50.24827194,52.17400055,52.34400024,52.53533325,52.38699989,0.665680896,1.004680567
13/5/2020,52.02000046,50.47999954,51.90999985,50.91999817,8611000,50.07126999,51.93199997,51.98800011,52.39999975,52.44999981,0.873253805,0.766113953
14/5/2020,52.15000153,49.79000092,50.43000031,52.09999847,13695600,51.23160553,51.8859993,51.88499985,52.36399968,52.43499966,0.852866716,0.656984881
15/5/2020,51.04999924,49.38000107,50.56000137,49.79999924,17777200,48.969944,51.26399918,51.75499992,52.16866633,52.24049969,1.034157255,0.909619139
18/5/2020,52.18999863,50.77000046,50.93999863,51.86999893,12731100,51.00543594,51.15799866,51.72699966,52.05933304,52.20449963,0.908085724,0.9003716
19/5/2020,51.45999908,50.79999924,51.34999847,50.81000137,12940300,49.96310806,51.09999924,51.63699989,51.92933324,52.17649975,0.921872707,0.946080712
20/5/2020,52.09000015,50.5,51.58000183,51.84000015,8406200,50.9759407,51.28399963,51.6079998,51.75333328,52.12099972,0.967641125,0.933652761
21/5/2020,52.20999908,50.68999863,52.09999847,50.75,7842600,49.90410233,51.01399994,51.44999962,51.59466654,52.02649975,0.866042683,0.931581896
22/5/2020,50.86000061,49.61000061,50.84000015,49.79999924,12462300,48.969944,51.01399994,51.13899956,51.50799993,51.87999973,0.866042683,0.908863373
26/5/2020,51.40000153,50.79000092,51.29999924,50.81999969,8872000,49.97293854,50.80400009,50.98099937,51.41933314,51.7454998,0.721893665,0.795563255
27/5/2020,51.74000168,50.75,51.02999878,51.74000168,11405700,50.87760925,50.99000015,51.04499969,51.42133331,51.69449997,0.83480607,0.831147222
28/5/2020,51.61999893,50.09999847,51.45999908,50.27999878,8178700,49.44194031,50.67799988,50.98099976,51.29799983,51.48449993,0.721541023,0.865761864
29/5/2020,50.72999954,49.86000061,50.34000015,50.33000183,10919200,49.49110794,50.59400024,50.80400009,51.16466649,51.34449997,0.735378256,0.78910947
1/6/2020,51.27999878,50.54000092,50.90999985,51.02999878,6187300,50.17943954,50.84000015,50.92700005,51.03933309,51.34099998,0.595861156,0.706793353
2/6/2020,52.04000092,51.29000092,51.45000076,52.00999832,6063600,51.14310455,51.07799988,50.94099998,51.01333288,51.33399982,0.791435155,0.728597586
3/6/2020,53.25,52.41999817,52.63999939,53.06000137,8380200,52.17560577,51.34199982,51.16599998,51.14399974,51.40149994,1.188179503,0.985700328
4/6/2020,54.36999893,53.02999878,53.06000137,54.27999878,13269500,53.37526703,52.14199982,51.40999985,51.36799978,51.50899982,1.577266134,1.390115869
5/6/2020,56.34000015,55.06000137,55.5,55.20000076,9776100,54.27993393,53.1159996,51.85499992,51.5746666,51.65249977,1.678967614,1.80554872
8/6/2020,55.77999878,54.70999908,55.74000168,55.56999969,6302100,54.64376831,54.02399979,52.43199997,51.95933329,51.78549976,1.485271384,1.98854946
9/6/2020,56.63000107,54.95000076,55.29000092,56.61000061,9355100,55.66643524,54.94400024,53.01100006,52.2753334,51.99599972,1.343811602,2.287494845
10/6/2020,58.04000092,56.81999969,56.81999969,57.54999924,9194300,56.59076691,55.84199982,53.59199982,52.7246666,52.31849976,1.268175987,2.639553065
11/6/2020,56.40999985,55.00999832,55.84999847,55.04000092,9877100,54.12260437,55.99400024,54.06800003,52.93799998,52.52449989,1.063122251,2.393666591
12/6/2020,56.86999893,55.34999847,56.5,56,9838800,55.06659698,56.15400009,54.63499985,53.28799998,52.71949997,0.969860395,2.057826878
15/6/2020,56.11999893,54.52000046,54.70999908,56.02000046,7509700,55.08626938,56.24400024,55.13400002,53.70266673,53.03050003,0.92180747,1.651398245
16/6/2020,57,55.54000092,56.59000015,55.79999924,8827200,54.86993027,56.08199997,55.51300011,54.0346667,53.22700005,0.912534414,1.237910567
17/6/2020,56.81999969,55.88999939,56.15000153,56.59999847,8248700,55.65659714,55.89199982,55.86699982,54.35866648,53.5164999,0.562066841,0.925143104
18/6/2020,56.54000092,55.79000092,56.04000092,56.15000153,6831500,55.62688065,56.11399994,56.05400009,54.75,53.73199997,0.299131668,0.738980868
19/6/2020,56.5,55.27000046,56.47999954,55.31000137,6965100,54.79470444,55.97600021,56.06500015,55.08199997,53.96000004,0.473317311,0.725552949
22/6/2020,56,55.31999969,55.5,56,4480400,55.4782753,55.97200012,56.10800018,55.41333338,54.27000008,0.472936854,0.705419755
23/6/2020,57.15999985,56.52999878,56.63999939,56.75999832,7836500,56.23119354,56.16399994,56.12299995,55.73000005,54.56700001,0.57046347,0.718748951
24/6/2020,57.06000137,56.15999985,56.70999908,56.58000183,7080200,56.05287552,56.16000061,56.02600021,55.96466675,54.80900002,0.566700353,0.550538601
25/6/2020,57.09000015,55.95000076,56.56000137,57.04000092,4509600,56.50858688,56.33800049,56.22600021,56.14866689,55.14700012,0.689289114,0.514656041
26/6/2020,57.25999832,56.20999908,57,56.33000183,6229300,55.80520248,56.54200058,56.2590004,56.2240003,55.44700012,0.398647571,0.509104626
29/6/2020,56.40999985,55.65999985,56.34000015,56.38999939,5016600,55.8646431,56.62000046,56.29600029,56.27866694,55.71500015,0.289222826,0.503216049
30/6/2020,56.99000168,56.18999863,56.25,56.77000046,7158700,56.24110031,56.62200089,56.39300041,56.2893336,55.95300026,0.290465127,0.490306753
1/7/2020,57.47000122,56.75999832,56.97000122,56.81999969,6866500,56.29063797,56.67000046,56.41500053,56.24066696,56.14100018,0.301413244,0.505332294
2/7/2020,59.06999969,57.95000076,57.95000076,58.61999893,10021200,58.07386398,56.98600006,56.66200027,56.4793335,56.35800018,0.939376753,0.848524948
6/7/2020,62.13000107,60.56000137,60.66999817,61.88000107,12725600,61.30349731,58.09599991,57.31900024,56.87133357,56.6920002,2.285286011,1.750018823
7/7/2020,61.5,60.68000031,61.25999832,60.70999908,6672300,60.14439392,58.95999985,57.79000015,57.18400014,56.94900017,2.295659113,1.974948531
8/7/2020,62.74000168,61.5,61.63999939,62.59000015,8721900,62.00688171,60.12399979,58.37300034,57.63666687,57.24800014,2.381518878,2.442312187
9/7/2020,64.97000122,62.88999939,62.95000076,64.77999878,16903300,64.17647552,61.7159996,59.19300003,58.18200022,57.60950012,2.279041553,3.069469549
10/7/2020,64.55999756,63.18999863,64.47000122,63.84999847,10700000,63.2551384,62.76199951,59.87399979,58.69533335,58.05,1.602675386,3.286494459
13/7/2020,67.08000183,64.98000336,65.19999695,65.06999969,16667700,64.46377563,63.39999924,60.74799957,59.34599991,58.50349998,1.788015584,3.399495873
14/7/2020,67.02999878,65.33000183,66,66.95999908,10482700,66.33616638,64.64999924,61.80499954,60.07666651,59.05049992,1.613458785,3.534487747
15/7/2020,67.20999908,65.16000366,67.18000031,66.05999756,12432500,65.44454956,65.34399872,62.73399925,60.69666646,59.56349983,1.198886947,3.275444337
16/7/2020,66.62999725,64.31999969,65.37999725,66.58999634,15709400,65.96961212,65.70599823,63.71099892,61.36399943,60.06299973,1.25782705,2.72651303
17/7/2020,68,66.37000275,67.30999756,66.40000153,11716600,65.78138733,66.21599884,64.48899918,61.98799947,60.57549973,0.718491114,2.164472476
20/7/2020,66.98000336,65.80000305,66.69999695,66.88999939,6357300,66.26682281,66.57999878,64.98999901,62.69199931,61.15449963,0.368578636,2.071295689
21/7/2020,69.25,67.70999908,68.83999634,67.80999756,10621300,67.17824554,66.74999847,65.69999886,63.45333252,61.7449995,0.664717633,1.60573234
22/7/2020,68.90000153,68.02999878,68.09999847,68.52999878,7366100,67.89154053,67.24399872,66.29399872,64.23733241,62.33349953,0.899932878,1.414757003
23/7/2020,68.5,66.75,68.26000214,67.37000275,8559500,66.74235535,67.4,66.55299911,64.94066594,62.87299957,0.822495083,1.3419974
24/7/2020,76.88999939,71.34999847,71.40000153,73.90000153,41226800,73.2115097,68.9,67.55799942,65.95933278,63.7159996,2.85945867,2.421675018
27/7/2020,83.40000153,80.43000031,81.36000061,83.25,39899200,82.47439575,72.17200012,69.37599945,67.38399938,65.06199951,6.727898801,5.372544271
28/7/2020,79.58000183,76.48999786,79.34999847,76.91999817,31500100,76.20337677,73.99400024,70.37199936,68.46466599,66.08849945,6.480287145,5.782471484
29/7/2020,83.37000275,77.05999756,77.11000061,82.66999817,28304000,81.89980316,76.82200012,72.03299942,69.80333252,67.38349934,6.584189346,6.716406044
30/7/2020,81.27999878,78.61000061,80.01000214,79.93000031,16820300,79.18533325,79.33399963,73.36699982,70.81333262,68.53899937,3.94255312,6.838873861
31/7/2020,79.76999664,77.51000214,79.62999725,78.88999939,12027100,78.15502167,80.33199921,74.6159996,71.81599935,69.55249939,2.639303196,6.559947625
3/8/2020,79.15000153,77.41000366,77.76999664,78.94999695,10129800,78.21445465,79.4719986,75.82199936,72.7413325,70.40599918,2.095285291,6.072198167
4/8/2020,80.19000244,78.73999786,79.33000183,80.19000244,12569400,79.44290924,80.12599945,77.05999985,73.62333272,71.37999935,1.53501788,5.491459442
5/8/2020,84,80.56999969,80.98000336,81.62999725,14447200,80.86949158,79.91799927,78.36999969,74.6613327,72.33199921,1.117908661,4.741871446
6/8/2020,82.09999847,80.22000122,82.04000092,80.51999664,9838700,79.7698288,80.03599854,79.68499908,75.58999939,73.1189991,1.150164855,2.762817067
7/8/2020,80.79000092,79.41000366,80.48999786,80.02999878,8705800,79.28440094,80.26399841,80.29799881,76.49866587,73.92799911,0.964147163,1.873605103
10/8/2020,80.84999847,79.22000122,80.55000305,79.87000275,7421400,79.12589264,80.44799957,79.95999908,77.36399943,74.66799927,0.703148208,1.560626519
11/8/2020,79.19999695,77.94000244,79.08999634,77.94000244,7056300,77.21387482,79.99799957,80.06199951,78.03933309,75.21699944,1.34058352,1.360340488
12/8/2020,79.55000305,77.73000336,78.16000366,79.38999939,8359100,78.65036011,79.55,79.73399963,78.76333313,75.88349953,0.986329865,1.012632661
13/8/2020,79.09999847,77.83000183,79,78.30000305,6551800,77.57051849,79.10600128,79.57099991,79.49199982,76.46899986,0.939056838,1.104589667
14/8/2020,79.23000336,78.05000305,78.41999817,78.41000366,5611200,77.67949677,78.78200226,79.52300034,79.79266663,77.06949997,0.8113377,1.147082094
17/8/2020,80.88999939,79.66000366,79.80000305,80.19000244,8663900,79.44290924,78.8460022,79.64700089,79.58866679,77.73450012,0.92348727,1.145278886
18/8/2020,80.81999969,79.25,80.22000122,79.41000366,6804800,78.67018127,79.14000244,79.56900101,79.75466715,78.31450043,0.786828496,1.130656187
19/8/2020,79.23000336,78.25,79.01000214,78.54000092,7976800,77.80828094,78.97000275,79.26000137,79.479334,78.81500053,0.810771269,0.904419927
20/8/2020,77.09999847,75.98000336,76.31999969,76.80999756,11457100,76.0943985,78.67200165,78.88900146,79.27133382,79.28700027,1.265118547,1.074983201
21/8/2020,78.73000336,77.86000061,78.01999664,78.33999634,7942300,77.61014557,78.65800018,78.72000122,79.23466695,79.50900002,1.26912412,1.006325597
24/8/2020,79.91000366,78.48999786,79.73000336,78.90000153,6405600,78.16493225,78.4,78.6230011,79.23133392,79.29150009,0.977422297,0.926764217
25/8/2020,80.48000336,79.47000122,79.84999847,80.04000092,6113100,79.29430389,78.52599945,78.83300095,79.22133382,79.44750023,1.163135168,0.990534602
26/8/2020,82.16999817,81.01000214,81.25,81.75,7821600,80.9883728,79.16799927,79.06900101,79.229334,79.40150032,1.853692151,1.352861376
27/8/2020,82.30999756,80.16999817,82.18000031,80.59999847,8018200,79.84908295,79.92599945,79.29900055,79.23466746,79.43500023,1.356680382,1.402208679
28/8/2020,80.87999725,79.91000366,80.05999756,80.44000244,5699500,79.69058228,80.34600067,79.50200043,79.26200104,79.51250038,1.028240574,1.40614457
31/8/2020,79.76000214,78.69000244,79,79.25,9812900,78.51166534,80.41600037,79.40800018,79.22066752,79.52750053,0.910345932,1.386321269
1/9/2020,81.59999847,79.98999786,80.12000275,81.55000305,10208200,80.79024506,80.71800079,79.62200012,79.46133423,79.59550056,1.000435415,1.542983851
2/9/2020,82.70999908,79.87999725,81.34999847,82.16999817,12567800,81.40445709,80.80200043,79.98499985,79.64666748,79.62250061,1.119316578,1.680974461
3/9/2020,81.80999756,78.37999725,81.12000275,81.18000031,20090100,80.4236908,80.91800079,80.42200012,79.8386673,79.65550079,1.123196009,1.28533482
4/9/2020,81.47000122,77.41000366,80.5,78.91000366,13638700,78.17483521,80.61200104,80.47900085,79.87200063,79.59950104,1.447555517,1.191995204
8/9/2020,79.15000153,77.22000122,78.01999664,77.31999969,11553500,76.59964752,80.22600098,80.32100067,79.68066711,79.47200089,2.038315093,1.491609197
9/9/2020,79.69999695,78.55000305,78.62000275,79.40000153,7867500,78.66027069,79.79600067,80.25700073,79.68000031,79.54500084,1.912047722,1.518493428
10/9/2020,81.23000336,78.76000214,80.73999786,78.90000153,11241800,78.16493225,79.14200134,79.97200089,79.70400035,79.52050095,1.383119726,1.473942239
11/9/2020,80.30000305,78.59999847,80.01000214,78.81999969,7853500,78.0856781,78.67000122,79.79400101,79.83800049,79.54650078,0.78873402,1.496976127
14/9/2020,81.12000275,79.94999695,80.5,80.5,7091100,79.75002289,78.98800049,79.80000076,79.98200073,79.6510006,1.148268491,1.499970165
15/9/2020,86.79000092,81.37999725,81.55999756,85.84999847,21048400,85.05017853,80.69400024,80.46000061,80.44533386,79.9340004,2.959167788,2.408161308
16/9/2020,86.48999786,83.04000092,86.48999786,83.12999725,14492600,82.35551453,81.43999939,80.61800003,80.65133362,80.12000008,3.020917539,2.536057889
17/9/2020,82.29000092,80.61000061,81,81.91000366,10090200,81.56585693,82.04199982,80.59200058,80.66200053,80.28850021,2.667445567,2.519658751
18/9/2020,82.83999634,80.11000061,82.37000275,80.23000336,10528300,79.89291382,82.32400055,80.49700089,80.63733419,80.4595005,2.289404274,2.512925937
21/9/2020,80.65000153,79.08000183,79.80000305,80.58999634,8417100,80.25139618,82.34199982,80.66500015,80.64733378,80.5720005,2.271764758,2.450419948
22/9/2020,80.88999939,79.40000153,80.83000183,80.48000336,6375200,80.14186096,81.26800079,80.98100052,80.729334,80.6510006,1.228542549,2.157355757
23/9/2020,79.93000031,77.88999939,79.69999695,77.91999817,9094700,77.59261322,80.22600098,80.83300018,80.48733368,80.54500046,1.444865032,2.322326212
24/9/2020,79,76.16999817,76.81999969,78.37999725,9940900,78.05068207,79.51999969,80.78099976,80.23466695,80.37650032,1.267893479,2.375628348
25/9/2020,78.91999817,77.38999939,78.16999817,78.87999725,6057500,78.54858398,79.24999847,80.78699951,80.08133341,80.29050026,1.221802984,2.370195016
28/9/2020,80.37000275,79.47000122,80.30999756,79.76999664,5999300,79.43483734,79.08599854,80.71399918,80.13866628,80.25699997,1.038211689,2.391165577
29/9/2020,81.23999786,79.30999756,79.69999695,80.51000214,6114600,80.17173767,79.09199829,80.17999954,80.35133311,80.32000008,1.048318997,1.573058778
30/9/2020,81.94000244,80.56999969,80.58999634,81.06999969,5878900,80.72937775,79.7219986,79.97399979,80.46266632,80.29599991,1.112462833,1.244359722
1/10/2020,82.72000122,81.73999786,82.05999756,82.62000275,6253800,82.27287292,80.56999969,80.04499969,80.7106664,80.31850014,1.409984517,1.379963399
2/10/2020,82.19999695,80.61000061,80.70999908,80.80000305,6145900,80.46051788,80.95400085,80.10199966,80.84266663,80.29950027,1.050206431,1.400079545
5/10/2020,84.62999725,81.55000305,81.55000305,84.54000092,10129100,84.18480682,81.90800171,80.49700012,81.11200002,80.58100014,1.682162039,1.987166194
6/10/2020,84.44999695,82.76999664,83.76999664,83.12000275,7795600,82.77077484,82.43000183,80.76100006,80.93000031,80.87100029,1.538733211,2.153094918
7/10/2020,87,84.77999878,84.77999878,86.91999817,11446400,86.55480194,83.60000153,81.66100006,81.18266703,81.24700012,2.287835465,2.655901719
8/10/2020,88.86000061,86.51999664,88.86000061,87.80000305,10920800,87.43110657,84.63600159,82.60300064,81.57533366,81.6920002,2.839449728,3.009855162
9/10/2020,88.80000305,87.63999939,88.33999634,88.77999878,7608800,88.40699005,86.23200073,83.59300079,82.14533335,82.19000015,2.3436969,3.266438795
12/10/2020,91.26999664,88.68000031,89.12000275,90.91000366,10022000,90.52804565,87.50600128,84.7070015,82.83333384,82.71050034,2.866928743,3.689923158
13/10/2020,90.65000153,89.43000031,90.5,89.63999939,8247000,89.26337433,88.81000061,85.62000122,83.44400024,82.90000038,1.556600077,3.665511573
14/10/2020,89.87999725,88.26999664,89.65000153,88.59999847,8196000,88.22774506,89.14600067,86.3730011,84.15600026,83.17350044,1.18316595,3.39004355
15/10/2020,89.48999786,87.19000244,87.29000092,88.15000153,10327900,87.7796402,89.21600037,86.92600098,84.80733388,83.48550034,1.090336139,3.15253342
16/10/2020,88.58999634,86.44000244,88.55000305,86.69999695,7457200,86.33572388,88.8,87.51600037,85.3286672,83.80900002,1.583526592,2.321121307
19/10/2020,89.62000275,87.29000092,88.33999634,87.55999756,7994500,87.19210815,88.12999878,87.81800003,85.84800059,84.15750008,1.103540699,2.074227089
20/10/2020,88.98000336,87.76999664,87.79000092,88.26000214,7357600,87.88917542,87.85399933,88.33199997,86.36466726,84.54650002,0.746178404,1.256272713
21/10/2020,88.87000275,87.56999969,88,87.63999939,7387600,87.27177429,87.66199951,88.40400009,86.80266724,85.03250008,0.618888205,1.184964402
22/10/2020,88.94000244,87.87999725,88.44000244,88.20999908,5656200,87.83937836,87.67399902,88.44499969,87.17533366,85.52400017,0.631175107,1.168725802
23/10/2020,88.44999695,87.43000031,88.25,88.30999756,4165400,87.93895721,87.99599915,88.39799957,87.67599996,85.99550018,0.364321893,1.163194408
26/10/2020,87.77999878,85.76999664,87.20999908,86.73000336,5568000,86.36560822,87.83000031,87.97999954,87.82200012,86.34350052,0.671898736,0.875721775
27/10/2020,87.22000122,85.98000336,86.95999908,86.70999908,5315800,86.34568787,87.51999969,87.68699951,88.06133321,86.65350037,0.7737556,0.737925707
28/10/2020,85.41000366,83.83999634,85.15000153,83.84999847,8727300,83.49770355,86.76199951,87.21199951,87.85666656,86.79250031,1.801143981,1.355383054
29/10/2020,85.33000183,84.01999664,84.26999664,84.88999939,5845600,84.53333282,86.09799957,86.8859993,87.66266632,86.90600014,1.744969961,1.490065039
30/10/2020,84.75,83.16000366,84.43000031,83.87000275,4963600,83.5176239,85.21000061,86.60299988,87.33533325,87.05950012,1.441180474,1.771483873
2/11/2020,85.95999908,84.52999878,84.59999847,85.70999908,6597100,85.34988403,85.00599976,86.41800003,86.98866628,87.11800003,1.228771034,1.756978227
3/11/2020,88.23999786,86.05999756,86.19000244,87.69000244,6274700,87.32157135,85.20200043,86.36100006,86.85866648,87.34650002,1.59277183,1.698865008
4/11/2020,89.76999664,88.45999908,88.72000122,89.44999695,7620800,89.07417297,86.32200012,86.54199982,86.91533305,87.47299995,2.241275139,1.93085284
5/11/2020,90.95999908,89.76999664,90.41999817,90.43000031,6670100,90.05005646,87.43000031,86.76399994,87.06733297,87.60449982,2.682348522,2.245865829
6/11/2020,91.5,89.05000305,89.80999756,91.41000366,6403000,91.02593994,88.93800049,87.07400055,87.38133341,87.73600006,2.268066121,2.658935837
9/11/2020,92.48000336,88.94000244,92.19999695,89.02999878,8978000,88.65593719,89.60200043,87.30400009,87.4793335,87.64199982,1.410716727,2.724539822
10/11/2020,88.80000305,86.69999695,88.40000153,87.66000366,8350100,87.29169464,89.59600067,87.39900055,87.4393336,87.54300003,1.420908326,2.718081547
11/11/2020,91.18000031,89.36000061,89.5,90.87999725,7707300,90.49816132,89.88200073,88.10200043,87.65533346,87.65699997,1.524325412,2.604942731
12/11/2020,91.88999939,89.77999878,90.87999725,89.81999969,7474600,89.44261932,89.76000061,88.59500046,87.76266683,87.74049988,1.493602382,2.386899901
13/11/2020,93.80999756,91.20999908,91.54000092,93.22000122,9170900,92.82833099,90.12200012,89.53000031,88.09000041,88.06650009,2.092681785,2.1498941
16/11/2020,102.4400024,96.36000061,96.41999817,99.26999664,18436200,98.8529129,92.16999969,90.88600006,88.92599996,88.65200005,4.4451977,3.390938377
17/11/2020,98.08999634,95.69000244,97.98000336,95.70999908,10843700,95.30786896,93.77999878,91.68799973,89.52599996,89.02449989,3.816745229,3.497788172
18/11/2020,98.80000305,96.37000275,98.51999664,96.93000031,8526600,96.52274323,94.98999939,92.43600006,90.39800008,89.48899994,3.621538691,3.756262438
19/11/2020,96.86000061,95.62000275,96.76999664,96.61000061,5542800,96.20409393,96.34799957,93.05400009,91.1793335,89.90900002,2.187284537,3.895361525
20/11/2020,97.19999695,95.30000305,96.66000366,95.33000183,5329800,94.92946625,96.76999969,93.44599991,91.94333344,90.26000023,1.540972078,3.908756463
23/11/2020,98.93000031,96.84999847,97.16000366,98.12999725,8802400,97.71770477,96.54199982,94.35599976,92.77133331,90.82999992,1.09978051,3.824818975
24/11/2020,98.58999634,96.01999664,98.48999786,96.63999939,7022800,96.23396301,96.72799988,95.25399933,93.36799978,91.32649994,0.997806001,3.054676198
25/11/2020,97.98999786,96.13999939,96.19999695,97.48999786,5194900,97.08039093,96.83999939,95.91499939,93.90399984,92.00849991,1.055886425,2.697282677
27/11/2020,99.26999664,98.05000305,98.54000092,98.73999786,4367100,98.32514191,97.26599884,96.80699921,94.45799967,92.70099983,1.333163688,1.774916677
30/11/2020,97.94999695,96.19999695,97.55999756,97.01999664,13840500,96.61236572,97.6039978,97.18699875,94.83199921,93.35849953,0.844173833,1.251123039
1/12/2020,104.3000031,98.51999664,98.69000244,100.8600006,16164700,100.4362335,98.14999847,97.34599915,95.620666,94.1159996,1.70915279,1.598159738
2/12/2020,102.0400009,99.51999664,102,99.54000092,8676300,99.1217804,98.72999878,97.72899933,96.41266581,94.70849953,1.553610377,1.621291909
3/12/2020,101.1900024,99.43000031,101.0599976,99.5,7359000,99.08194733,99.13199921,97.9859993,96.98733266,95.21099968,1.405533592,1.683080548
4/12/2020,103.75,100.6999969,101.5100021,103.7300034,10824500,103.2941818,100.1300003,98.69799957,97.91466624,95.87599983,2.444894929,2.392711328
7/12/2020,107.6100006,104.9700012,106.0199966,106.3899994,11793000,105.9430008,102.0040009,99.80399933,98.79266612,96.62499962,2.994416484,3.111211006
8/12/2020,107.8399963,105.1100006,107.7799988,105.6399994,9876200,105.1961517,102.9600006,100.5549995,99.21733297,97.45549965,3.286646903,3.539198055
9/12/2020,106.5999985,103.5100021,106.0100021,104.4199982,8204100,103.9812775,103.9360001,101.3329994,99.79799957,98.29349937,2.687029576,3.436591592
10/12/2020,105.1100006,102.1999969,103,104.2300034,7135000,103.7920761,104.8820007,102.007,100.2846664,98.96099968,1.097071877,3.255297552
11/12/2020,105.1200027,103.2200012,104.0100021,104.0299988,7492600,103.5929108,104.9419998,102.5360001,100.779333,99.67149963,1.024094324,3.091088802
14/12/2020,104.9000015,103.5,103.7699966,103.5599976,5878000,103.1248856,104.3759995,103.1900002,101.3279994,100.1884995,0.775648462,2.411513721
15/12/2020,106.3799973,104.4199982,105.6800003,105.0899963,7404000,104.6484604,104.2659988,103.6129997,101.7919993,100.4794994,0.560829114,2.326905123
16/12/2020,105.6699982,103.9599991,105.6500015,105.1999969,5986900,104.7579956,104.4219986,104.1789993,102.3626658,100.9539993,0.704463313,1.869523779
17/12/2020,105.3199997,103.8499985,104.9000015,103.9000015,7779300,103.9000015,104.3559982,104.6189995,102.7899994,101.3024994,0.741436572,0.92525529
18/12/2020,104.8000031,103.1600037,104,104.2799988,7417000,104.2799988,104.4059982,104.673999,103.1593328,101.6859993,0.722134516,0.881868851
21/12/2020,104.9599991,103.3199997,103.5599976,104.8300018,6116400,104.8300018,104.6599991,104.5179993,103.6799998,102.1609993,0.553938802,0.65281905
22/12/2020,105.2200012,102.9100037,105.0699997,103.9400024,5597100,103.9400024,104.4300003,104.3479996,103.8853333,102.4514996,0.569296303,0.539727452
23/12/2020,104.8700027,103.5999985,104.6699982,103.7600021,3320800,103.7600021,104.1420013,104.282,104.1666667,102.8074997,0.429441156,0.569478242
24/12/2020,106.3399963,104.6699982,104.7600021,105.9700012,3172100,105.9700012,104.5560013,104.4559998,104.5980001,103.2314999,0.889342274,0.779075987
28/12/2020,108.1699982,105.9499969,107.5999985,106.1500015,5157000,106.1500015,104.9300018,104.668,104.7593333,103.602,1.110067122,0.925044055
29/12/2020,107.1500015,105.2200012,107,105.5599976,4602400,105.5599976,105.076001,104.868,104.7039998,104.0290001,1.141195856,0.873648076
30/12/2020,109.6999969,107.4000015,107.6999969,108.9000015,9571800,108.9000015,106.0680008,105.2490005,104.9213333,104.4310001,1.845364549,1.550107107
31/12/2020,109.6699982,108.4400024,109.6600037,109.0400009,4907600,109.0400009,107.1240005,105.6330009,105.2293335,104.9060001,1.69939186,1.958463337
4/1/2021,114.0999985,110.4499969,111.4700012,111.6999969,11262100,111.6999969,108.2699997,106.4130005,105.7273331,105.516,2.47957603,2.629773298
5/1/2021,114.9499969,112.0100021,112.4100037,112.7699966,10583600,112.7699966,109.5939987,107.2620003,106.3099996,105.9679996,2.809977864,3.177963461
6/1/2021,116.3899994,112.5500031,113.8499985,115.6100006,10609300,115.6100006,111.6039993,108.3400002,107.1133331,106.4289997,2.797432016,3.986765908
7/1/2021,122.9400024,117.5899963,119.3399963,121.4300003,13556100,121.4300003,114.1099991,110.0889999,108.2026667,107.2184998,4.720726129,5.420607216
8/1/2021,126.2900009,116.9800034,125.9100037,118.6900024,18954700,118.6900024,116.0399994,111.582,109.1020004,107.932,4.055492083,5.538525508
11/1/2021,123.5999985,118.8000031,119.7399979,122.5999985,12032700,122.5999985,118.2199997,113.2449997,110.3486669,108.8504997,4.068907233,6.131190418
12/1/2021,125.1999969,121.6800003,125.1600037,123,14163200,123,120.2660004,114.9299995,111.596667,109.7989998,3.099971782,6.278289315
13/1/2021,124.8000031,118,124.4000015,119.2300034,20650500,119.2300034,120.9900009,116.2970001,112.5566671,110.5825001,1.950216162,5.44424712
14/1/2021,134.6499939,121.6699982,123.4499969,126.4499969,37125400,126.4499969,121.9940002,118.0519997,114.0573334,111.6505001,3.154015546,5.620655979
15/1/2021,128.5399933,123.2099991,128.4700012,125.2300034,17326000,125.2300034,123.3020004,119.6709999,115.4886668,112.6520004,2.774538184,5.037878305
19/1/2021,134.0500031,128.4400024,130.5899963,131.3000031,20443800,131.3000031,125.0420013,121.6310005,117.1773336,114.0220005,4.447737398,5.392409916
20/1/2021,136.1300049,130.1000061,135.1900024,130.6399994,17360700,130.6399994,126.5700012,123.4180008,118.8100001,115.3400005,4.863727129,5.08170721
21/1/2021,135.3999939,132.3399963,133.25,134.1600037,15609900,134.1600037,129.5560013,125.2730011,120.7166672,116.8065006,3.666570365,5.296007206
22/1/2021,131.25,128.8099976,130.0399933,129.1399994,19084100,129.1399994,130.0940018,126.044001,122.0660004,118.0665005,3.273130191,5.235242147
25/1/2021,132.1699982,127.3499985,131.8300018,130.5200043,20469300,130.5200043,131.152002,127.2270012,123.4980006,119.4045006,1.856050957,4.697851271
26/1/2021,129.3200073,126.25,129.0500031,126.6500015,17009200,126.6500015,130.2220016,127.6320015,124.4946676,120.4385006,2.724945013,4.421057956
